ref,title,author,lastRunTime,totalVotes
kunaldesale2408/biohub-cell-tracking,Biohub Cell Tracking,Kunal Desale,2026-09-24 06:13:53.007000,192
anvithpothula/biohub-x138,biohub x138,Anvith Pothula,2026-09-21 09:47:58.620000,176
amanatar/biohub-geometric-fusion,Biohub Geometric Fusion,Aman Atar,2026-09-21 09:18:35.700000,168
evgendvorkin/biohub-0-947-lb-proxy-score-0-9490,Biohub  0.947 LB PROXY_SCORE=0.9490,Дворкин Евгений Владимирович,2026-09-22 15:39:25.977000,133
raunakdey07/biohub-harmonic-fusion-v3,Biohub: Harmonic Fusion V3,Raunak Dey,2026-09-25 09:09:04.280000,97
flexonafft/biohub-harmonic-fusion,Biohub Harmonic Fusion,Igor Zharov,2026-09-10 16:39:37.593000,287
reyhanksatria/biohub-cell-tracking-0-947-lb,Biohub Cell Tracking: 0.947 LB,Reyhan Ksatria,2026-09-13 03:52:47.293000,40
flexonafft/biohub-lineage-forge-precision-tracking,Biohub Lineage Forge — Precision Tracking,Igor Zharov,2026-09-22 14:03:58.943000,107
sjlee101/biohub-lf-dctta,biohub-lf-dctta,Seung Jae Lee,2026-09-09 20:31:52.350000,82
sjlee101/biohub-lf-dctta-v020,biohub-lf-dctta-v020,Seung Jae Lee,2026-09-09 20:31:56.890000,75
sjlee101/biohub-lf-dctta020-sectta1,biohub-lf-dctta020-sectta1,Seung Jae Lee,2026-09-10 09:27:55.707000,9
crystalbaby/biohub-lf-dctta-v020,biohub-lf-dctta-v020,Sung Jin-woo,2026-09-10 09:59:59.767000,34
sjlee101/biohub-lf-dctta025-sectta1,biohub-lf-dctta025-sectta1,Seung Jae Lee,2026-09-10 11:12:27.937000,9
sjlee101/biohub-lf-dctta020-sectta1-sister16,biohub-lf-dctta020-sectta1-sister16,Seung Jae Lee,2026-09-10 12:57:11.383000,6
zhehaoliang/biohub-p26-o01-exact-public-0947,Biohub P26 O01 Exact Public 0947,zhehao liang,2026-09-10 20:57:54.190000,4
mtoshidesu/test-biohub-lf-dctta,Test biohub-lf-dctta,m-toshi desu,2026-09-10 23:16:44.990000,2
arnav170/biohub-harm,biohub-harm,Arnav170,2026-09-11 08:23:47.327000,2
rogerrogerroger3r/biohub-run91,biohub-run91,rogerrogerroger3r,2026-09-11 09:28:10.373000,12
sjlee101/biohub-lf-hoctveto-b,biohub-lf-hoctveto-b,Seung Jae Lee,2026-09-11 12:53:42.593000,4
sjlee101/biohub-lf-hoctveto-div-b,biohub-lf-hoctveto-div-b,Seung Jae Lee,2026-09-11 12:54:46.237000,33
