id,title,authorName,commentCount,votes,postDate,source_page,sort_by
716062,Welcome to the Biohub - Cell Tracking During Development Challenge,,7,78,2026-06-30 02:16:18.647000,1,recent
738833,Cell Tracking In-Person Workshop,,5,13,2026-09-01 21:31:36.602000,1,recent
714101,How to get started + Competition's Official Discord,,8,27,2026-06-25 16:44:43.592000,1,recent
745109,"Thank you Biohub, Kaggle and The Community — our data findings, two questions and a request for the Hosts.",,0,2,2026-10-02 09:45:56.849000,1,recent
745092,11th Place Solution,,0,1,2026-10-02 08:02:15.053000,1,recent
745086,224th Place: Out-of-Sample Validation and What Did Not Transfer,,0,1,2026-10-02 08:08:42.023000,1,recent
744801,1st Place Solution,,20,68,2026-10-01 01:28:11.873000,1,recent
744486,14th place solution from Vibes&Edges Trade-Off,,4,19,2026-09-30 00:50:49.910000,1,recent
744980,10th place solution: Grandmaster Powered Agentic Approach,,0,10,2026-10-01 18:01:52.067000,1,recent
744937,7th Place Solution,,1,8,2026-10-01 14:09:58.317000,1,recent
744930,17th Place Solution,,0,2,2026-10-01 13:43:21.563000,1,recent
744912,From 12th Public to 95th Private: Our Biohub Cell Tracking Solution,,0,17,2026-10-01 11:27:39.743000,1,recent
744899,301st-place solution: a bounded native-link guard (0.957 public),,0,1,2026-10-01 10:20:53.971000,1,recent
744895,301st Place: Bounded Native Links for 3D Cell Tracking,,0,1,2026-10-01 10:20:34.867000,1,recent
744842,Biohub Cell Lineage Story -🥉bronze medal solution,,0,2,2026-10-01 06:30:47.683000,1,recent
744835,9th Place Solution: Own Detectors + Public Tracker + Restored Divisions,,0,7,2026-10-01 06:20:25.123000,1,recent
744817,98th place: Cell tracking with a LightGBM division classifier,,0,1,2026-10-01 03:19:44.343000,1,recent
744799,92nd Place Solution,,0,1,2026-10-01 01:44:38.003000,1,recent
744785,79th Place Solution,,0,1,2026-10-01 00:11:01.103000,1,recent
744762,181st Place Solution: Retraining the Coordinate-Refinement Head,,0,1,2026-09-30 22:55:31.400000,1,recent
744723,2nd Place Solution,,0,14,2026-09-30 21:21:32.207000,2,recent
744673,4th Place Solution,,0,11,2026-09-30 18:45:26.513000,2,recent
744484,3rd Place Solution,,9,95,2026-09-30 00:30:09.793000,2,recent
744671,16th Place Solution,,0,6,2026-09-30 18:12:15.860000,2,recent
744670,Biohub solution: controlled experiments for detection and lineage reconstruction,,0,1,2026-09-30 18:02:18.867000,2,recent
744647,0.957 Public → 0.916 Private: A Postmortem of Three Validation Traps,,0,1,2026-09-30 16:56:04.146000,2,recent
744630,"41st place: post-processing, a fine-tuned detector, and a flipped public LB",,0,4,2026-09-30 16:21:50.463000,2,recent
744582,6th Place Solution: Six-Model Detect-and-Link Ensemble + Global ILP,,1,13,2026-09-30 11:25:01.447000,2,recent
744549,5th Place: 3D U-Net + Transformer Linker + Multi-stage ILP Tracking,,1,26,2026-09-30 08:41:31.117000,2,recent
744601,66th Place Solution,,0,3,2026-09-30 14:06:29.850000,2,recent
744562,"213th Place: Two Coordinate Heads, One Better Step",,0,2,2026-09-30 09:53:30.790000,2,recent
744491,Paired-Orphan Division Rescue for 3D Embryonic Cell Tracking,,1,4,2026-09-30 01:55:29.360000,2,recent
744548,"Public 0.948 → private 0.924: a retrained V1284 head, and why the public board pointed the wrong way",,0,3,2026-09-30 08:25:28.070000,2,recent
744531,18th Place Solution: Lineage Graph Refinement Focused on Cell Divisions  ,,1,17,2026-09-30 06:39:56.820000,2,recent
744501,12th Place Solution,,1,13,2026-09-30 03:24:30.180000,2,recent
744512,"288th / 4,020 (top 7%): what 22 leaderboard probes taught us about this metric",,0,2,2026-09-30 05:14:53.860000,2,recent
744507,303rd / Bronze: Sub-voxel localization + a learned coordinate head,,0,2,2026-09-30 06:33:11.130000,2,recent
744498,"The 0.953 stack's ""private"" V1284 head was reproducible from the notebook itself",,1,1,2026-09-30 02:39:29.229000,2,recent
744506,"303rd / Bronze writeup: sub-voxel localization, a learned coordinate head, and a lot of dead ends",,0,1,2026-09-30 04:53:03.566000,2,recent
744499, Final selection for Biohub – Track Your Cells — question about tie-breaking,,1,1,2026-09-30 02:42:59.285000,2,recent
744490,"89th place: division reselection transferred to Private, our Public-picked chass",,0,3,2026-09-30 04:19:24.210000,3,recent
744485,From-scratch 2.5D ConvNeXt detector + ILP tracker — Private 0.939,,0,1,2026-09-30 00:54:01.457000,3,recent
744278,If it were possible to allow new entrants join ...and entering ,,2,1,2026-09-29 07:57:05.640000,3,recent
744357,Farewell and Thanks to the Kaggle community!,,1,15,2026-09-29 14:19:14.478000,3,recent
744273,What's the probability we'll witness a massive shakeup?,,7,4,2026-09-29 07:39:43.911000,3,recent
744250,Time of publishing private results,,4,0,2026-09-29 05:06:55.002000,3,recent
743929,"Public 0.953 to 0.959 in two days: using the board as the instrument, and the re-run time as build time",,6,0,2026-09-27 19:30:19.574000,3,recent
744093,"⚠️ Don't write float centroids - same graph, 0.954 → 0.946 on the public LB",,0,8,2026-09-28 16:29:09.221000,3,recent
743006,Beginner question: How do Public/Private splits usually work in biological datasets?,,5,3,2026-09-24 15:54:53.727000,3,recent
742169,A few question for top 100 people?,,6,3,2026-09-20 13:22:23.864000,3,recent
732103,[Free Dataset] 18.5 GB of fully-labelled synthetic 3D microscopy — 165k labelled divisions,,25,65,2026-08-01 21:12:10.502000,3,recent
743765,Question for host,,1,1,2026-09-26 21:20:56.825000,3,recent
742942,errors in annotated ground truth,,6,7,2026-09-24 09:23:26.765000,3,recent
742266,"Stuck at 0.947 after ten board tests. What I measured, and one question about the relink stage ",,14,5,2026-09-21 03:39:55.992000,3,recent
743222,"Eight leaderboard experiments on the public 0.947 stack — all negative, here are the numbers",,0,1,2026-09-25 08:59:22.308000,3,recent
743146,Winner deliverables when using permitted third-party pretrained weights,,0,-1,2026-09-25 02:32:07.438000,3,recent
742794,New to Biohub? Fork this CPU cell-tracking baseline + validation toolkit,,0,-2,2026-09-23 13:53:04.969000,3,recent
742777,Luxar from biohub : 3D Gaussian Splats of Embyro Cells,,0,12,2026-09-23 10:47:17.972000,3,recent
742702,whats the difference between today and the september 29 deadline,,1,0,2026-09-23 01:03:33.536000,3,recent
742456,unable to uplift my score from 0.947 anymore,,0,0,2026-09-22 04:28:17.229000,3,recent
