variant,evaluation_embryo,lower,upper,positive_edge_count,true_positive_edge_count,active_negative_pair_count,false_positive_pair_count,division_parent_count,recovered_division_parent_count,positive_edge_recall,false_positive_pair_rate,division_parent_recall
neutral_score_control,6bba,0.0,0.9,1,0,51557,0,0,0,0.0,0.0,0.0
neutral_score_control,6bba,0.9,0.95,15,3,106434,0,0,0,0.2,0.0,0.0
neutral_score_control,6bba,0.95,0.97,45,28,306260,7,0,0,0.6222222222222222,2.285639652582773e-05,0.0
neutral_score_control,6bba,0.97,0.99,350,256,1872908,62,1,0,0.7314285714285714,3.310360145826704e-05,0.0
neutral_score_control,6bba,0.99,0.995,434,331,1687278,68,1,0,0.7626728110599078,4.030159819543667e-05,0.0
neutral_score_control,6bba,0.995,1.0,102548,99612,38223430,4218,106,48,0.9713695050122869,0.00011035116419431746,0.4528301886792453
detection_score_pair_residual,6bba,0.0,0.9,1,0,51557,0,0,0,0.0,0.0,0.0
detection_score_pair_residual,6bba,0.9,0.95,15,4,106434,0,0,0,0.26666666666666666,0.0,0.0
detection_score_pair_residual,6bba,0.95,0.97,45,28,306260,7,0,0,0.6222222222222222,2.285639652582773e-05,0.0
detection_score_pair_residual,6bba,0.97,0.99,350,257,1872908,62,1,0,0.7342857142857143,3.310360145826704e-05,0.0
detection_score_pair_residual,6bba,0.99,0.995,434,330,1687278,68,1,0,0.7603686635944701,4.030159819543667e-05,0.0
detection_score_pair_residual,6bba,0.995,1.0,102548,99600,38223430,4209,106,48,0.9712524866404025,0.00011011570651822717,0.4528301886792453
neutral_score_control,44b6,0.0,0.9,1,0,34428,0,0,0,0.0,0.0,0.0
neutral_score_control,44b6,0.9,0.95,4,3,69554,1,0,0,0.75,1.4377318342582741e-05,0.0
neutral_score_control,44b6,0.95,0.97,16,9,235577,5,0,0,0.5625,2.1224482865474983e-05,0.0
neutral_score_control,44b6,0.97,0.99,164,144,1421186,46,1,0,0.8780487804878049,3.236733263626295e-05,0.0
neutral_score_control,44b6,0.99,0.995,237,210,1158720,28,0,0,0.8860759493670886,2.4164595415631043e-05,0.0
neutral_score_control,44b6,0.995,1.0,18527,17593,10783394,1261,21,6,0.9495870891131861,0.00011693906389769306,0.2857142857142857
detection_score_pair_residual,44b6,0.0,0.9,1,0,34428,0,0,0,0.0,0.0,0.0
detection_score_pair_residual,44b6,0.9,0.95,4,3,69554,1,0,0,0.75,1.4377318342582741e-05,0.0
detection_score_pair_residual,44b6,0.95,0.97,16,9,235577,5,0,0,0.5625,2.1224482865474983e-05,0.0
detection_score_pair_residual,44b6,0.97,0.99,164,142,1421186,43,1,0,0.8658536585365854,3.0256419638245803e-05,0.0
detection_score_pair_residual,44b6,0.99,0.995,237,210,1158720,26,0,0,0.8860759493670886,2.243855288594311e-05,0.0
detection_score_pair_residual,44b6,0.995,1.0,18527,17587,10783394,1258,21,6,0.9492632374372537,0.00011666085835313074,0.2857142857142857
