ref,title,author,lastRunTime,totalVotes
inversion/cell-tracking-getting-started-w-nearest-neighbor,Cell Tracking Getting Started w/ Nearest Neighbor,inversion,2026-06-23 21:23:55.067000,445
xiaoleilian/biohub-ct-mix-divaug,biohub ct mix divaug,Xiaolei Lian,2026-07-20 07:41:33.157000,204
pilkwang/biohub-cell-tracking-learned-graph-w-gap-recovery,Biohub Cell Tracking: Learned Graph w Gap Recovery,Pilkwang Kim,2026-07-06 20:57:16.197000,191
kaiwalyaatulraut/biohub-cell-tracking-solution,Biohub Cell Tracking Solution,KAIWALYA RAUT,2026-07-22 05:06:14.940000,187
pilkwang/biohub-cell-tracking-two-seeds-logit-blend,Biohub Cell Tracking: Two Seeds Logit Blend,Pilkwang Kim,2026-07-25 06:33:27.397000,185
yusuketogashi/clean-approach-lightweight-local-cv-no-hack,🧬Clean Approach + Lightweight Local CV | No Hack,Yusuke Togashi,2026-07-23 00:37:05.277000,184
yusuketogashi/lb897-baseline,🧬LB897  BaseLine,Yusuke Togashi,2026-07-08 02:16:49.557000,159
pilkwang/biohub-cell-tracking-blend-preprocessings,Biohub Cell Tracking: Blend Preprocessings,Pilkwang Kim,2026-07-14 09:30:02.303000,155
pilkwang/biohub-cell-tracking-data-model-eda-baseline,"Biohub Cell Tracking: Data Model, EDA, Baseline",Pilkwang Kim,2026-07-01 09:15:49.707000,151
yusuketogashi/no-hack-biohub-cell-another-approch-3rd,No-Hack | Biohub Cell Another Approch 3rd,Yusuke Togashi,2026-08-05 13:40:18.037000,141
yaroslavkholmirzayev/biohub-cell-tracking-v4-unet-ilp-reproduction,Biohub Cell Tracking V4 UNet ILP Reproduction,Yaroslav kholmirzayev,2026-07-09 10:18:56.190000,130
kirneo/metric-hack-last-call-update,Metric_hack_last_call_update,Кирилл Алешин,2026-07-22 09:50:39.617000,118
seshurajup/lb-0-857-best-rule-base-v14,[LB 0.857]Best Rule Base V14,SeshuRaju 🧘‍♂️,2026-07-03 23:09:15.947000,93
boristown/dark-agi-biohub-cell-tracking-solution,Dark-AGI-Biohub Cell Tracking Solution,暗黑AGI,2026-07-19 04:05:18.617000,86
abhijithneilabraham/solution,solution,neilan,2026-07-11 05:35:16.910000,83
isakatsuyoshi/biohub-rule-based-baseline,[Biohub] Rule-Based Baseline,ISAKA Tsuyoshi,2026-07-01 07:41:30.703000,82
raykkretzschmar/biohub-harmonic-bidirectional-association-v1,Biohub Harmonic Bidirectional Association V1,Rayk Kretzschmar,2026-08-04 14:24:02.710000,80
outwrest/metric-hack-minimal-baseline-tta-2gpu,metric hack - minimal baseline-tta-2gpu,outwrest,2026-07-17 05:10:13.807000,80
romanrozen/strong-start-dog-band-pass-lb-0-73,[STRONG START🔥]: DoG BAND-PASS | LB 0.73+,Roman Rozen,2026-06-30 18:58:02.770000,79
lucifer19/biohub-cell-lineage-tracker,🧬🔬 Biohub Cell Lineage Tracker,Krizsó Gergely,2026-07-05 07:27:55.193000,77
