group,stage,arm,nodes,edges,retained_original_nodes,added_nodes,branch_nodes,all_division_nodes_detected,annotated_parent_contradictions,both_endpoints_detected,known_division_denominator,known_divisions_selected,known_edge_denominator,known_edges_selected,selected_edges
all,candidate,expanded_optuna_cost,558418,762217,558418,0,180212,8,86,10838,8,6,11036,10603,762217
all,candidate,expanded_optuna_cost_clipped,558418,762217,558418,0,180212,8,86,10838,8,6,11036,10603,762217
all,ilp,expanded_optuna_cost,476312,460676,476312,0,4,8,8,10838,8,0,11036,9908,460676
all,ilp,expanded_optuna_cost_clipped,491597,486035,491597,0,15010,8,11,10838,8,3,11036,10013,486035
all,edge_filter,expanded_optuna_cost,476312,457030,476312,0,4,,,,,,,,
all,edge_filter,expanded_optuna_cost_clipped,491597,480655,491597,0,13404,,,,,,,,
all,relink,expanded_optuna_cost,479395,457311,476324,3071,0,8,9,10838,8,0,11036,9875,457311
all,relink,expanded_optuna_cost_clipped,494660,468210,491606,3054,0,8,10,10838,8,0,11036,9908,468210
all,gap1,expanded_optuna_cost,481441,461403,476324,5117,0,8,9,10838,8,0,11036,9875,461403
all,gap1,expanded_optuna_cost_clipped,497829,474548,491606,6223,0,8,10,10838,8,0,11036,9908,474548
all,gap2,expanded_optuna_cost,482617,463167,476324,6293,0,8,9,10838,8,0,11036,9875,463167
all,gap2,expanded_optuna_cost_clipped,499277,476720,491606,7671,0,8,10,10838,8,0,11036,9908,476720
all,low_detection,expanded_optuna_cost,482958,463645,476324,6634,0,8,9,10838,8,0,11036,9875,463645
all,low_detection,expanded_optuna_cost_clipped,499713,477338,491606,8107,0,8,10,10838,8,0,11036,9908,477338
all,division,expanded_optuna_cost,482958,463943,476324,6634,298,8,9,10838,8,0,11036,9877,463943
all,division,expanded_optuna_cost_clipped,499713,477680,491606,8107,342,8,10,10838,8,0,11036,9912,477680
all,short_track,expanded_optuna_cost,474262,458336,468366,5896,298,8,9,10838,8,0,11036,9856,458336
all,short_track,expanded_optuna_cost_clipped,487219,469919,479886,7333,342,8,10,10838,8,0,11036,9877,469919
all,final,expanded_optuna_cost,474262,458336,468366,5896,298,8,9,10838,8,0,11036,9856,458336
all,final,expanded_optuna_cost_clipped,487219,469919,479886,7333,342,8,10,10838,8,0,11036,9877,469919
44b6,candidate,expanded_optuna_cost,338219,447651,338219,0,102084,2,48,2156,2,1,2166,2122,447651
44b6,candidate,expanded_optuna_cost_clipped,338219,447651,338219,0,102084,2,48,2156,2,1,2166,2122,447651
44b6,ilp,expanded_optuna_cost,280029,271686,280029,0,3,2,4,2156,2,0,2166,1901,271686
44b6,ilp,expanded_optuna_cost_clipped,286477,282238,286477,0,4935,2,4,2156,2,0,2166,1926,282238
44b6,edge_filter,expanded_optuna_cost,280029,269823,280029,0,3,,,,,,,,
44b6,edge_filter,expanded_optuna_cost_clipped,286477,279926,286477,0,4613,,,,,,,,
44b6,relink,expanded_optuna_cost,282137,270294,280039,2098,0,2,4,2156,2,0,2166,1897,270294
44b6,relink,expanded_optuna_cost_clipped,288545,275689,286486,2059,0,2,5,2156,2,0,2166,1908,275689
44b6,gap1,expanded_optuna_cost,283281,272582,280039,3242,0,2,4,2156,2,0,2166,1897,272582
44b6,gap1,expanded_optuna_cost_clipped,289941,278481,286486,3455,0,2,5,2156,2,0,2166,1908,278481
44b6,gap2,expanded_optuna_cost,283967,273611,280039,3928,0,2,4,2156,2,0,2166,1897,273611
44b6,gap2,expanded_optuna_cost_clipped,290683,279594,286486,4197,0,2,5,2156,2,0,2166,1908,279594
44b6,low_detection,expanded_optuna_cost,284185,273911,280039,4146,0,2,4,2156,2,0,2166,1897,273911
44b6,low_detection,expanded_optuna_cost_clipped,290933,279940,286486,4447,0,2,5,2156,2,0,2166,1908,279940
44b6,division,expanded_optuna_cost,284185,274110,280039,4146,199,2,4,2156,2,0,2166,1898,274110
44b6,division,expanded_optuna_cost_clipped,290933,280167,286486,4447,227,2,5,2156,2,0,2166,1910,280167
44b6,short_track,expanded_optuna_cost,280437,271741,276778,3659,199,2,4,2156,2,0,2166,1898,271741
44b6,short_track,expanded_optuna_cost_clipped,286693,277512,282729,3964,227,2,5,2156,2,0,2166,1910,277512
44b6,final,expanded_optuna_cost,280437,271741,276778,3659,199,2,4,2156,2,0,2166,1898,271741
44b6,final,expanded_optuna_cost_clipped,286693,277512,282729,3964,227,2,5,2156,2,0,2166,1910,277512
6bba,candidate,expanded_optuna_cost,220199,314566,220199,0,78128,6,38,8682,6,5,8870,8481,314566
6bba,candidate,expanded_optuna_cost_clipped,220199,314566,220199,0,78128,6,38,8682,6,5,8870,8481,314566
6bba,ilp,expanded_optuna_cost,196283,188990,196283,0,1,6,4,8682,6,0,8870,8007,188990
6bba,ilp,expanded_optuna_cost_clipped,205120,203797,205120,0,10075,6,7,8682,6,3,8870,8087,203797
6bba,edge_filter,expanded_optuna_cost,196283,187207,196283,0,1,,,,,,,,
6bba,edge_filter,expanded_optuna_cost_clipped,205120,200729,205120,0,8791,,,,,,,,
6bba,relink,expanded_optuna_cost,197258,187017,196285,973,0,6,5,8682,6,0,8870,7978,187017
6bba,relink,expanded_optuna_cost_clipped,206115,192521,205120,995,0,6,5,8682,6,0,8870,8000,192521
6bba,gap1,expanded_optuna_cost,198160,188821,196285,1875,0,6,5,8682,6,0,8870,7978,188821
6bba,gap1,expanded_optuna_cost_clipped,207888,196067,205120,2768,0,6,5,8682,6,0,8870,8000,196067
6bba,gap2,expanded_optuna_cost,198650,189556,196285,2365,0,6,5,8682,6,0,8870,7978,189556
6bba,gap2,expanded_optuna_cost_clipped,208594,197126,205120,3474,0,6,5,8682,6,0,8870,8000,197126
6bba,low_detection,expanded_optuna_cost,198773,189734,196285,2488,0,6,5,8682,6,0,8870,7978,189734
6bba,low_detection,expanded_optuna_cost_clipped,208780,197398,205120,3660,0,6,5,8682,6,0,8870,8000,197398
6bba,division,expanded_optuna_cost,198773,189833,196285,2488,99,6,5,8682,6,0,8870,7979,189833
6bba,division,expanded_optuna_cost_clipped,208780,197513,205120,3660,115,6,5,8682,6,0,8870,8002,197513
6bba,short_track,expanded_optuna_cost,193825,186595,191588,2237,99,6,5,8682,6,0,8870,7958,186595
6bba,short_track,expanded_optuna_cost_clipped,200526,192407,197157,3369,115,6,5,8682,6,0,8870,7967,192407
6bba,final,expanded_optuna_cost,193825,186595,191588,2237,99,6,5,8682,6,0,8870,7958,186595
6bba,final,expanded_optuna_cost_clipped,200526,192407,197157,3369,115,6,5,8682,6,0,8870,7967,192407
