fold_arm,trial,selected,cap,costs,score,adj_edge_jaccard,division_jaccard,division_tp,division_fp,division_fn
0/expanded_optuna_cost,0,False,1.0,"[0.0, 2.0, 1.2]",0.9527362289947418,0.9527362289947418,0.0,0,1,2
0/expanded_optuna_cost,1,False,1.0,"[0.3745401188473625, 2.8521429192297485, 1.1959818254342154]",0.9502687461460798,0.9502687461460798,0.0,0,1,2
0/expanded_optuna_cost,3,False,1.0,"[0.05808361216819946, 2.5985284373248057, 0.8033450352296265]",0.9512028708010348,0.9512028708010348,0.0,0,1,2
0/expanded_optuna_cost,4,True,1.0,"[0.9526387083896032, 1.0911830208648934, 1.9086113323635971]",0.9527944103603837,0.9527944103603837,0.0,0,1,2
0/expanded_optuna_cost_clipped,0,False,1.0,"[0.0, 2.0, 1.2]",0.9527362289947418,0.9527362289947418,0.0,0,1,2
0/expanded_optuna_cost_clipped,1,False,0.379597545259111,"[0.3745401188473625, 2.8521429192297485, 1.1959818254342154]",0.9388648982821572,0.9388648982821572,0.0,0,1,2
0/expanded_optuna_cost_clipped,2,False,0.45985284373248053,"[0.15601864044243652, 0.46798356100860794, -0.8257491634954016]",0.9494393319819229,0.9244393319819229,0.25,1,2,1
0/expanded_optuna_cost_clipped,3,True,0.4909729556485983,"[0.6011150117432088, 2.1242177333881367, -0.9382465171125927]",0.9801706401468548,0.9551706401468548,0.25,1,2,1
0/expanded_optuna_cost_clipped,4,False,0.2053885626844459,"[0.9628097366726942, 0.017991548867451357, -0.977358042051121]",0.9497106060831902,0.9247106060831902,0.25,1,2,1
1/expanded_optuna_cost,0,False,1.0,"[0.0, 2.0, 1.2]",0.9655991071066305,0.9530991071066306,0.125,2,6,8
1/expanded_optuna_cost,1,False,1.0,"[0.11505456638977896, 1.8271996178384442, -0.5998271074420352]",0.9592936913183134,0.9487673755288397,0.10526315789473684,2,9,8
1/expanded_optuna_cost,2,False,1.0,"[0.24058961996534878, 0.9814171674334193, 1.577412472845793]",0.9636715646612445,0.9525604535501334,0.1111111111111111,2,8,8
1/expanded_optuna_cost,3,False,1.0,"[0.6660902130980257, 1.6234866368502114, -0.9129585267269188]",0.9553721791828075,0.9442610680716964,0.1111111111111111,2,8,8
1/expanded_optuna_cost,4,True,1.0,"[0.9697115002140642, 2.9957539309421573, 1.913067542545972]",0.9708855870396857,0.9555009716550703,0.15384615384615385,2,3,8
1/expanded_optuna_cost_clipped,0,False,1.0,"[0.0, 2.0, 1.2]",0.9655991071066305,0.9530991071066306,0.125,2,6,8
1/expanded_optuna_cost_clipped,1,False,0.27217688598960466,"[0.11505456638977896, 1.8271996178384442, -0.5998271074420352]",0.9633247824483069,0.9508247824483069,0.125,2,6,8
1/expanded_optuna_cost_clipped,2,False,0.36234866368502117,"[0.3271390558111398, 2.577412472845793, 0.9982706392940772]",0.9677182179043877,0.951051551237721,0.16666666666666666,2,2,8
1/expanded_optuna_cost_clipped,3,True,0.44061413558859996,"[0.0290138244243604, 2.201244888840849, 0.18485005529301768]",0.9683679592237938,0.9540822449380796,0.14285714285714285,2,4,8
1/expanded_optuna_cost_clipped,4,False,0.4996504168002734,"[0.9695789678688831, 0.016563750276322287, -0.9760526972212169]",0.954163819778879,0.9423991138965261,0.11764705882352941,2,7,8
