video,timelimit,control_adjusted_jaccard,clipped_adjusted_jaccard,delta_adjusted_jaccard,delta_edge_tp,delta_edge_fp,delta_edge_fn,delta_nodes,control_node_ratio,clipped_node_ratio,contribution_to_total_score_delta,annotated_parent_absent_clipped,annotated_parent_absent_control,candidate_edges_above_cap,daughters_with_multiple_capped_parents,known_gained,known_lost
6bba_ebff6e76,True,0.6518173426429581,0.6309225733627274,-0.020894769280230707,-12,22,12,2995,0.3808298874891817,0.45283200307721894,-0.00190041363912552,78,107,51155,3,43,25
6bba_b204cac7,False,0.9804299779757976,0.9711702947966013,-0.009259683179196232,-5,0,5,165,0.11076197957580518,0.1431657501963865,-0.0008610835583701126,8,4,5450,1,2,5
6bba_6feb10f0,False,0.7238095161799535,0.7136396522066382,-0.010169863973315318,4,13,-4,742,0.5681561724215752,0.6518844504626495,-0.0007901051596450326,74,83,11923,1,23,16
6bba_3abfe10a,True,0.7893943808389885,0.7830786632383321,-0.006315717600656412,-3,1,3,1825,0.09296072217420533,0.12801306059733025,-0.0007374554094583957,42,45,51916,0,9,13
6bba_0e7c0d07,False,0.8603173543419237,0.8278294403657473,-0.03248791397617634,-5,2,5,515,0.11550273734811056,0.1384252459162327,-0.000501891818615572,5,1,23012,0,1,6
6bba_23af9eeb,False,0.9930618426966292,0.9807782518372908,-0.012283590859338389,-2,3,2,108,0.00943820224719101,0.033707865168539325,-0.00041046252405950445,3,3,4305,0,0,3
6bba_6feeb0b1,False,0.9867955283702877,0.9860975466789311,-0.0006979816913565973,3,2,-3,112,-0.045889864325618514,-0.030992285182229316,-0.0002989233776935496,15,19,7012,0,4,0
6bba_fe670320,False,0.9716985785438769,0.9702869661514758,-0.0014116123924010626,0,0,0,158,-0.037006275378368404,-0.022425249169435217,-0.00027439495232359223,9,9,9778,0,0,0
44b6_40c45f5a,False,0.9252262841500473,0.9002898766780588,-0.024936407471988442,-2,3,2,814,-0.07576267556072336,-0.05085523698785227,-0.00026328223983707044,10,6,30946,131,0,5
6bba_d6ecebbb,False,0.9444376407325219,0.949823239359214,0.0053855986266920786,2,-5,-2,124,0.18809479380481434,0.2112334390744542,-0.00023979927585220107,10,7,6020,1,3,10
44b6_949adeb1,False,0.8005607066254582,0.7955141554431104,-0.005046551182347758,1,3,-1,834,0.050835148874364564,0.07326716694908417,-8.095030397215625e-05,23,29,39233,129,13,12
44b6_1574802b,False,0.8981983284410167,0.896884212378923,-0.0013141160620936398,0,0,0,256,0.1014878090173672,0.11596990439554224,-5.967585334835587e-05,2,2,19703,47,0,0
44b6_a2bb48bb,False,0.8187591059616777,0.8202500942952378,0.0014909883335600949,2,0,-2,2189,-0.21247917113490505,-0.1763648062296867,-5.146254154483193e-05,35,41,47768,163,11,6
44b6_c8e2a523,False,0.9098594186407364,0.9095156546325989,-0.00034376400813751484,0,0,0,127,-0.14174511223750905,-0.13791334781559256,-5.085002908989181e-05,1,1,27787,37,0,0
44b6_deabac95,False,0.841286672332494,0.841207509604107,-7.916272838703886e-05,0,0,0,13,0.12402602044463507,0.12495532203874472,-3.357580483871227e-05,6,5,16094,65,0,1
44b6_0113de3b,False,0.9602571927781013,0.9604808386721025,0.00022364589400125645,0,0,0,-60,-0.0026790914385556204,-0.005008736167734421,-1.2880993959677421e-05,2,2,25465,26,0,0
6bba_b693381b,False,0.9367171479891883,0.9415053214254823,0.004788173436294008,3,-1,-3,-43,0.15167326376394386,0.1439366678661389,4.718412812944328e-05,7,9,6248,0,2,0
44b6_0c582fdc,False,0.9314768630440768,0.9570239287502683,0.025547065706191474,1,-1,-1,373,0.0003219114385864511,0.013663352171113814,5.6364327870533394e-05,3,4,28142,100,2,3
44b6_c771cb04,False,0.8148207851905936,0.8222076638758526,0.007386878685259002,3,1,-3,1105,-0.4704470896991283,-0.4497328709344831,0.00016727534208524353,14,21,29483,58,9,4
44b6_8cc6506c,False,0.9422079176455191,0.9550224944997378,0.012814576854218607,4,-2,-4,605,-0.44405072734054457,-0.4252455551411165,0.00017570503118649605,12,18,19136,46,11,3
